Variety,Mean_Phytic,Max_Phytic,Min_Phytic,Range_Phytic
AAC Mountainview,2188.032164,2188.032164,2188.032164,0
Delaney,1502.75171,1582.052538,1423.450882,158.6016568
Eski,2288.236686,2288.236686,2288.236686,0
Remont,1581.772246,1595.05814,1568.486352,26.57178718
Renumex,1724.960808,1724.960808,1724.960808,0
Shoshone,1873.877219,2127.754438,1620,507.7544379